id,name,category,item,price,img_s1,img_s2,img_s3,img_s4,img_s5,img_m,created_at,updated_at,valid,description
1,【特選黑羽雞翅】汝拉箭6枚1913年 (5),2,3,8000,A04s10001.jpeg,A04s20001.jpeg,arrow-info1.png,arrow-info2.png,arrow-info3.png,A04s10001.jpeg,2023/7/19  17:04:28,00/00/00 00:00:00,1,這是一款可靠的經典箭頭，帶有黑色翅膀（雞翅），採用廣受歡迎的伊斯頓硬鋁箭桿，它比火雞羽毛更不易磨損，建議經常練習的人使用。
2,【特選黑羽雞翅】汝拉箭6枚1913年 (8),2,3,8000,A04s10002.jpeg,arrow-info1.png,arrow-info2.png,arrow-info3.png,arrow-info4.png,A04s10002.jpeg,2023/7/19  17:04:28,00/00/00 00:00:00,1,這是一款可靠的經典箭頭，帶有黑色翅膀（雞翅），採用廣受歡迎的伊斯頓硬鋁箭桿。它比火雞羽毛更不易磨損，建議經常練習的人使用。
3,【特選黑羽雞翅】汝拉箭 6枚 1913 (10),2,3,8000,A04s10003.jpeg,A04s20003.jpeg,arrow-info1.png,arrow-info2.png,arrow-info3.png,A04s10003.jpeg,2023/7/19  17:04:28,00/00/00 00:00:00,1,這是一款可靠的經典箭頭，帶有黑色翅膀（雞翅），採用廣受歡迎的伊斯頓硬鋁箭桿，它比火雞羽毛更不易磨損，建議經常練習的人使用。
4,【特選黑羽雞翅】汝拉箭 6枚 1913 (14),2,3,8000,A04s10004.jpeg,arrow-info1.png,arrow-info2.png,arrow-info3.png,arrow-info4.png,A04s10004.jpeg,2023/7/19  17:04:28,00/00/00 00:00:00,1,這是一款可靠的經典箭頭，帶有黑色翅膀（雞翅），採用廣受歡迎的伊斯頓硬鋁箭桿。它比火雞羽毛更不易磨損，建議經常練習的人使用。
5,【特選黑羽雞翅】汝拉箭 6枚 1913 (17),2,3,8000,A04s10005.jpeg,arrow-info1.png,arrow-info2.png,arrow-info3.png,arrow-info4.png,A04s10005.jpeg,2023/7/19  17:04:28,00/00/00 00:00:00,1,這是一款可靠的經典箭頭，帶有黑色翅膀（雞翅），採用廣受歡迎的伊斯頓硬鋁箭桿，它比火雞羽毛更不易磨損，建議經常練習的人使用。
6,[特選黑羽雞翅] Jura Arrow 6枚 2014年 (9),2,3,8000,A04s10006.jpeg,A04s20006.jpeg,arrow-info1.png,arrow-info2.png,arrow-info3.png,A04s10006.jpeg,2023/7/19  17:04:28,00/00/00 00:00:00,1,這是一款可靠的經典箭頭，帶有黑色翅膀（雞翅），採用廣受歡迎的伊斯頓硬鋁箭桿。它比火雞羽毛更不易磨損，建議經常練習的人使用。
7,[特選黑羽雞翅] Jura Arrow 6枚 2014 (12),2,3,8000,A04s10007.jpeg,A04s20007.jpeg,arrow-info1.png,arrow-info2.png,arrow-info3.png,A04s10007.jpeg,2023/7/19  17:04:28,00/00/00 00:00:00,1,這是一款可靠的經典箭頭，帶有黑色翅膀（雞翅），採用廣受歡迎的伊斯頓硬鋁箭桿，它比火雞羽毛更不易磨損，建議經常練習的人使用。
8,[特選黑羽雞翅] Jura Arrow 6枚 2015 (1),2,3,8000,A04s10008.jpeg,arrow-info1.png,arrow-info2.png,arrow-info3.png,arrow-info4.png,A04s10008.jpeg,2023/7/19  17:04:28,00/00/00 00:00:00,1,這是一款可靠的經典箭頭，帶有黑色翅膀（雞翅），採用廣受歡迎的伊斯頓硬鋁箭桿。它比火雞羽毛更不易磨損，建議經常練習的人使用。
9,[特選黑羽雞翅] Jura Arrow 6枚 2015 (11),2,3,8000,A04s10009.jpeg,arrow-info1.png,arrow-info2.png,arrow-info3.png,arrow-info4.png,A04s10009.jpeg,2023/7/19  17:04:28,00/00/00 00:00:00,1,這是一款可靠的經典箭頭，帶有黑色翅膀（雞翅），採用廣受歡迎的伊斯頓硬鋁箭桿，它比火雞羽毛更不易磨損，建議經常練習的人使用。
10,[特選黑羽雞翅] Jura Arrow 6枚 2015 (16),2,3,8000,A04s10010.jpeg,arrow-info1.png,arrow-info2.png,arrow-info3.png,arrow-info4.png,A04s10010.jpeg,2023/7/19  17:04:28,00/00/00 00:00:00,1,這是一款可靠的經典箭頭，帶有黑色翅膀（雞翅），採用廣受歡迎的伊斯頓硬鋁箭桿。它比火雞羽毛更不易磨損，建議經常練習的人使用。
11,[特選黑羽雞翅] Jura Arrow 6枚 2015 (18),2,3,8000,A04s10011.jpeg,arrow-info1.png,arrow-info2.png,arrow-info3.png,arrow-info4.png,A04s10011.jpeg,2023/7/19  17:04:28,00/00/00 00:00:00,1,這是一款可靠的經典箭頭，帶有黑色翅膀（雞翅），採用廣受歡迎的伊斯頓硬鋁箭桿，它比火雞羽毛更不易磨損，建議經常練習的人使用。
12,【特選黑羽大葉】汝拉箭 6 支 1913 (2),2,3,9500,A04s10012.jpeg,A04s20012.jpeg,arrow-info1.png,arrow-info2.png,arrow-info3.png,A04s10012.jpeg,2023/7/19  17:04:28,00/00/00 00:00:00,1,這是一款可靠的經典箭頭，帶有黑色羽毛（尾羽），採用廣受歡迎的 Easton 硬鋁箭桿。尾羽比雞翅更堅固、更耐用。
13,【特選黑羽大葉】汝拉箭 6 支 1913 (4),2,3,9500,A04s10013.jpeg,A04s20013.jpeg,arrow-info1.png,arrow-info2.png,arrow-info3.png,A04s10013.jpeg,2023/7/19  17:04:28,00/00/00 00:00:00,1,這是一款可靠的經典箭頭，帶有黑色羽毛（尾羽），採用廣受歡迎的 Easton 硬鋁箭桿。尾羽比雞翅更堅固、更耐用。
14,【特選黑羽葉】汝拉箭 6 支 1913 (5),2,3,9500,A04s10014.jpeg,A04s20014.jpeg,arrow-info1.png,arrow-info2.png,arrow-info3.png,A04s10014.jpeg,2023/7/19  17:04:28,00/00/00 00:00:00,1,這是一款可靠的經典箭頭，帶有黑色羽毛（尾羽），採用廣受歡迎的 Easton 硬鋁箭桿。尾羽比雞翅更堅固、更耐用。
15,Enteki 碳箭 6 支 KC Mugibutsu-7518 Goosenata 羽毛 (1),2,4,15000,A04s10015.jpeg,A04s20015.jpeg,A04s30015.jpeg,arrow-info1.png,arrow-info2.png,A04s10015.jpeg,2023/7/19  17:04:28,00/00/00 00:00:00,1,"獨特的形狀可快速有效地抑制振動，實現比現有箭桿更平穩、更長的飛行。它的桿身不僅在遠距離比賽中而且在近距離比賽中都表現出高性能。此外，令人想起竹箭的美麗表面處理還具有耐磨損、不易剝落的優點。
*雖然它繼承了Mugitsubusan中心粗、兩端細的特點，但為了更容易安裝hazu和箭頭並平衡中心，它與原始Mugitsubusu的形狀並不完全相同重力向前。
*由於箭桿的形狀，如果箭頭長度為 90 厘米或更短，箭頭可能會容易脫落。"
16,Enteki 碳箭 6 支 KC Mugibutsu-7016 Goosenata 羽毛 (1),2,4,15000,A04s10016.jpeg,A04s20016.jpeg,A04s30016.jpeg,arrow-info1.png,arrow-info2.png,A04s10016.jpeg,2023/7/19  17:04:28,00/00/00 00:00:00,1,"獨特的形狀可快速有效地抑制振動，實現比現有箭桿更平穩、更長的飛行。它的桿身不僅在遠距離比賽中而且在近距離比賽中都表現出高性能。此外，令人想起竹箭的美麗表面處理還具有耐磨損、不易剝落的優點。
*雖然它繼承了Mugitsubusan中心粗、兩端細的特點，但為了更容易安裝hazu和箭頭並平衡中心，它與原始Mugitsubusu的形狀並不完全相同重力向前。
*由於箭桿的形狀，如果箭頭長度為 90 厘米或更短，箭頭可能會容易脫落。"
17,Enteki 碳箭 6 支 KC Mugibutsu-7016 Goosenata 羽毛 (2),2,4,15000,A04s10017.jpeg,A04s20017.jpeg,A04s30017.jpeg,arrow-info1.png,arrow-info2.png,A04s10017.jpeg,2023/7/19  17:04:28,00/00/00 00:00:00,1,"獨特的形狀可快速有效地抑制振動，實現比現有箭桿更平穩、更長的飛行。它的桿身不僅在遠距離比賽中而且在近距離比賽中都表現出高性能。此外，令人想起竹箭的美麗表面處理還具有耐磨損、不易剝落的優點。
*雖然它繼承了Mugitsubusan中心粗、兩端細的特點，但為了更容易安裝hazu和箭頭並平衡中心，它與原始Mugitsubusu的形狀並不完全相同重力向前。
*由於箭桿的形狀，如果箭頭長度為 90 厘米或更短，箭頭可能會容易脫落。"
18,Enteki 碳箭 6 支 KC Mugibutsu-7016 Goosenata 羽毛 (3),2,4,15000,A04s10018.jpeg,A04s20018.jpeg,A04s20018.jpeg,arrow-info1.png,arrow-info2.png,A04s10018.jpeg,2023/7/19  17:04:28,00/00/00 00:00:00,1,"獨特的形狀可快速有效地抑制振動，實現比現有箭桿更平穩、更長的飛行。它的桿身不僅在遠距離比賽中而且在近距離比賽中都表現出高性能。此外，令人想起竹箭的美麗表面處理還具有耐磨損、不易剝落的優點。
*雖然它繼承了Mugitsubusan中心粗、兩端細的特點，但為了更容易安裝hazu和箭頭並平衡中心，它與原始Mugitsubusu的形狀並不完全相同重力向前。
*由於箭桿的形狀，如果箭頭長度為 90 厘米或更短，箭頭可能會容易脫落。"
19,Enteki 碳箭 6 支 KC Mugibutsu-7016 Goosenata 羽毛 (5),2,4,15000,A04s10019.jpeg,A04s20019.jpeg,A04s30019.jpeg,arrow-info1.png,arrow-info2.png,A04s10019.jpeg,2023/7/19  17:04:28,00/00/00 00:00:00,1,"獨特的形狀可快速有效地抑制振動，實現比現有箭桿更平穩、更長的飛行。它的桿身不僅在遠距離比賽中而且在近距離比賽中都表現出高性能。此外，令人想起竹箭的美麗表面處理還具有耐磨損、不易剝落的優點。
*雖然它繼承了Mugitsubusan中心粗、兩端細的特點，但為了更容易安裝hazu和箭頭並平衡中心，它與原始Mugitsubusu的形狀並不完全相同重力向前。
*由於箭桿的形狀，如果箭頭長度為 90 厘米或更短，箭頭可能會容易脫落。"
20,碳箭 6 件 Takumi 7517 黑翼 (2),2,4,9000,A04s10020.jpeg,A04s10020.jpeg,A04s10020.jpeg,arrow-info1.png,arrow-info2.png,A04s10020.jpeg,2023/7/19  17:04:28,00/00/00 00:00:00,1,"是2019年10月新推出的碳桿身。
・提高直線度精度、減少重量偏差的競賽用軸。
・由於安土而具有耐磨性，並且減少了油漆剝落和褪色。
・可處理長箭束（7517：最大長度110cm，8022：最大長度113cm）。
・顏色為啞光黑色。
・軸形狀一個字母一文字（從一端到另一端的厚度相同）。
・實張野場ri（桿身的彎曲程度）有點硬。指南：Mizuno SST < Takumi < KC，
Easton Wood Carbon 7620 和 8023 合適。
・箭頭方面，7517適合Jura 1913（需要咬麻），8022適合Jura 2014。
・可以安裝刀片。
從初學者到國家級玩家，很多人都可以使用。
*此箭頭應該用於 WENEW7518。"
21,非常,3,5,450,S05s10001.jpeg,string-info1.png,string-info2.png,string-info3.png,string-info4.png,S05s10001.jpeg,2023/7/19  17:04:28,00/00/00 00:00:00,1,"它讀作“kiwami”。這是我們原創的琴弦，我們
通過精心挑選的材料和精心的製作方法完成了最優質的琴弦。
弦輪底座採用麻，減輕了弓的負擔，發出清晰的弦音。"
22,正弦,3,5,135,S05s10002.jpeg,string-info1.png,string-info2.png,string-info3.png,string-info4.png,S05s10002.jpeg,2023/7/19  17:04:28,00/00/00 00:00:00,1,柔軟的美津濃琴弦。
23,惠比壽(黑),3,5,200,S05s10003.jpeg,S05s20003.jpeg,string-info2.png,string-info3.png,string-info4.png,S05s10003.jpeg,2023/7/19  17:04:28,00/00/00 00:00:00,1,這是我們的原創，讀作“Ebisu”。繩子相對有彈性並且難以切斷。
24,惠比壽(紅),3,5,200,S05s10004.jpeg,S05s20004.jpeg,string-info2.png,string-info3.png,string-info4.png,S05s10004.jpeg,2023/7/19  17:04:28,00/00/00 00:00:00,1,這是我們的原創，讀作“Ebisu”。繩子相對有彈性並且難以切斷。
25,千弦,3,5,130,S05s10005.jpeg,S05s20005.jpeg,S05s30005.jpeg,string-info3.png,string-info4.png,S05s10005.jpeg,2023/7/19  17:04:28,00/00/00 00:00:00,1,這款令人難忘的琴弦首次使用了“超纖維（凱夫拉縴維）”，並以其出色的琴弦聲音而享有盛譽。
26,青蛙繩,3,5,200,S05s10006.jpeg,string-info1.png,string-info2.png,string-info3.png,string-info4.png,S05s10006.jpeg,2023/7/19  17:04:28,00/00/00 00:00:00,1,首次使用 Zylon 纖維的令人難忘的琴弦。具有煮麻弦的質感、良好的琴弦聲音、耐用性以及Yadokoro的穩定性。
27,弓神,3,5,200,S05s10007.jpeg,string-info1.png,string-info2.png,string-info3.png,string-info4.png,S05s10007.jpeg,2023/7/19  17:04:28,00/00/00 00:00:00,1,使用芳綸纖維。這是一種不易拉伸且箭飛行性能良好的弦。它柔軟且易於製作弦環。適合初學者到中級水平。獨特的口號也很熟悉。沒有具體說明公里數。
28,飛天,3,5,200,S05s10008.jpeg,string-info1.png,string-info2.png,string-info3.png,string-info4.png,S05s10008.jpeg,2023/7/19  17:04:28,00/00/00 00:00:00,1,弦由芳綸纖維製成，不易拉伸，箭飛行和弦音良好。它適合初學者到中級水平。藍天上飛翔的燕子群也令人印象深刻。沒有具體說明公里數。
29,金龍,3,5,115,S05s10009.jpeg,string-info1.png,string-info2.png,string-info3.png,string-info4.png,S05s10009.jpeg,2023/7/19  17:04:28,00/00/00 00:00:00,1,誕生於對曾經風靡世界的龍名琴弦的懷念之聲中的琴弦。可以選擇粗細，受到很多弓道練習者的喜愛。（凱夫拉縴維）
30,銀龍,3,5,155,S05s10010.jpeg,string-info1.png,string-info2.png,string-info3.png,string-info4.png,S05s10010.jpeg,2023/7/19  17:04:28,00/00/00 00:00:00,1,它的質地類似於麻繩，是為了箭飛行時的柔軟性和穩定性而生產的
31,崛起的龍,3,5,200,S05s10011.jpeg,string-info1.png,string-info2.png,string-info3.png,string-info4.png,S05s10011.jpeg,2023/7/19  17:04:28,00/00/00 00:00:00,1,這是考慮到箭的良好飛行性和耐用性而製造的弦。（Zylon纖維）
32,餘一弦,3,5,140,S05s10012.jpeg,string-info1.png,string-info2.png,string-info3.png,string-info4.png,S05s10012.jpeg,2023/7/19  17:04:28,00/00/00 00:00:00,1,這是一根有別於傳統生產方法的充滿信心的琴弦，從琴弦的扭轉方式到成品都注重細節。（凱夫拉縴維）
33,真,3,6,200,S05s10013.jpeg,string-info1.png,string-info2.png,string-info3.png,string-info4.png,S05s10013.jpeg,2023/7/19  17:04:28,00/00/00 00:00:00,1,製作弦環很容易，而且是比較軟的弦。它可以防止弦伸長並實現耐用性和箭頭穩定性。
34,真正,3,6,240,S05s10014.jpeg,S05s20014.jpeg,S05s30014.jpeg,S05s40014.jpeg,S05s50014.jpeg,S05s10014.jpeg,2023/7/19  17:04:28,00/00/00 00:00:00,1,製作弦環很容易，而且是比較軟的弦。它可以防止弦伸長並實現耐用性和箭頭穩定性。與現有的“Shin”相比，弦環經過了不粘和防滑處理，使其成為適合弓的弦。
35,Shin Premium Hard,3,6,250,S05s10015.jpeg,string-info1.png,string-info2.png,string-info3.png,string-info4.png,S05s10015.jpeg,2023/7/19  17:04:28,00/00/00 00:00:00,1,製作弦環很容易，而且是比較軟的弦。它可以防止弦伸長並實現耐用性和箭頭穩定性。與現有的“Shin”相比，弦環經過了不粘和防滑處理，使其成為適合弓的弦。
36,日之國淺水,3,6,250,S05s10016.jpeg,string-info1.png,string-info2.png,string-info3.png,string-info4.png,S05s10016.jpeg,2023/7/19  17:04:28,00/00/00 00:00:00,1,一根一根地用楠線完成，是一根較硬、比較難拉伸的線。
37,日之國淺水的單獨作品,3,6,275,S05s10017.jpeg,string-info1.png,string-info2.png,string-info3.png,string-info4.png,S05s10017.jpeg,2023/7/19  17:04:28,00/00/00 00:00:00,1,這些琴弦以 Hinokuni 琴弦為基礎，設計用於與竹弓配合使用。其特點是下弦輪的尺寸與竹弓原來的尺寸相匹配。
38,飛弦,3,6,355,S05s10018.jpeg,string-info1.png,string-info2.png,string-info3.png,string-info4.png,S05s10018.jpeg,2023/7/19  17:04:28,00/00/00 00:00:00,1,該琴弦比其姊妹產品 Tenkyu 琴弦具有更柔軟的拉力。
39,天上的弓弦,3,6,350,S05s10019.jpeg,string-info1.png,string-info2.png,string-info3.png,string-info4.png,S05s10019.jpeg,2023/7/19  17:04:28,00/00/00 00:00:00,1,它採用三重強度的芳綸纖維（Zylon 線），並以尖銳的琴弦聲音而聞名。我們收到了諸如“提高箭速”和“持久”等評論。
40,綠天久,3,6,650,S05s10020.jpeg,string-info1.png,string-info2.png,string-info3.png,string-info4.png,S05s10020.jpeg,2023/7/19  17:04:28,00/00/00 00:00:00,1,具有靈活、易於打結且不易鬆開的繩環。弦環底座採用優質麻布，對弓的負擔輕，不僅可以與竹弓配合使用，還可以與碳弓、玻璃弓配合使用，具有出色的兼容性，是一款終極弓弦。和穩定性。
41,全年用內衣 白/深青色 合成纖維 S~L單一尺碼【男女通用】,4,8,1000,U08s10001.jpeg,U08s20001.jpeg,U08s30001.jpeg,U08s40001.jpeg,U08s50001.jpeg,U08m0001.jpeg,2023/7/19  17:04:28,00/00/00 00:00:00,1,輕質內衣，適合全年使用，具有彈性的聚脂纖維混棉編織不會對您的手臂和肩膀活動友人和阻礙；提供白色/深青色依您喜好進行挑選
42,全年用內衣 白/黑色 合成纖維 2L【男女通用】,4,8,1200,U08s10001.jpeg,U08s20001.jpeg,U08s30001.jpeg,U08s40001.jpeg,U08s50002.jpeg,U08m0002.jpeg,2023/7/19  17:04:28,00/00/00 00:00:00,1,輕質內衣，適合全年使用，具有彈性的聚脂纖維混棉編織不會對您的手臂和肩膀活動友人和阻礙；提供白色/黑色依您喜好進行挑選
43,全年用內衣 白/黑色 合成纖維 L【男女通用】,4,8,1400,U08s10001.jpeg,U08s20001.jpeg,U08s30001.jpeg,U08s40001.jpeg,U08s50002.jpeg,U08m0003.jpeg,2023/7/19  17:04:28,00/00/00 00:00:00,1,輕質內衣，適合全年使用，具有彈性的聚脂纖維混棉編織不會對您的手臂和肩膀活動友人和阻礙；白色/黑色依您喜好進行挑選
44,冬季用內衣 白色 純棉 S~L單一尺碼【男女通用】,4,8,2000,U08s10004.jpeg,U08s20004.jpeg,U08s30004.jpeg,U08s40004.jpeg,U08s5004.jpeg,U08m0004.jpeg,2023/7/19  17:04:28,00/00/00 00:00:00,1,保暖內裡，適合冬季使用。百分之百純棉製作，並在內襯進行拉絨處理，即使在寒冷的冬天也能進行自在的活動
45,冬季用內衣 白色 純棉 2L~3L單一尺碼【男女通用】,4,8,2300,U08s10004.jpeg,U08s20004.jpeg,U08s30004.jpeg,U08s40004.jpeg,U08s5004.jpeg,U08m0005.jpeg,2023/7/19  17:04:28,00/00/00 00:00:00,1,保暖內裡，適合冬季使用。百分之百純棉製作，並在內襯進行拉絨處理，即使在寒冷的冬天也能進行自在的活動
46,胸甲 水洗布,4,9,250,U09s10001.jpeg,U09s20001.jpeg,U09s30001.jpeg,U09s40001.jpeg,bra-info-1.jpeg,U09m0001.jpeg,2023/7/19  17:04:28,00/00/00 00:00:00,1,穿著後可避免弓弦直接摩擦您的身體造成受傷，由水洗布製成，方便清潔，並配有可調式鬆緊帶適應各式身形。
47,胸甲 合成皮革,4,9,200,U09s10002.jpeg,U09s20002.jpeg,bra-info-3.jpeg,bra-info-2.jpeg,bra-info-1.jpeg,U09m0002.jpeg,2023/7/19  17:04:28,00/00/00 00:00:00,1,穿著後可避免弓弦直接摩擦您的身體造成受傷，經典的皮革材質永遠不會過時。
48,胸甲 透氣網布,4,9,250,U09s10003.jpeg,U09s20003.jpeg,U09s30003.jpeg,bra-info-2.jpeg,bra-info-1.jpeg,U09m0003.jpeg,2023/7/19  17:04:28,00/00/00 00:00:00,1,穿著後可避免弓弦直接摩擦您的身體造成受傷，網布材質擁有絕佳的透氣性及舒適性。
49,弓道和服 深青/黑色 S~L單一尺碼【女用】,4,10,3700,U10s10001.jpeg,U10s20001.jpeg,U10s30001.jpeg,U10s40001.jpeg,U10s50001.jpeg,U10m0001.jpeg,2023/7/19  17:04:28,00/00/00 00:00:00,1,單一尺碼適合S至L的各種身形。，舒適貼合各式身形。有深青色與黑色兩色供您挑選。
50,弓道和服 黑色 S~L單一尺碼【男用】,4,10,3700,U1s10002.jpeg,U10s20002.jpeg,U10s30002.jpeg,U10s40002.jpeg,shirt-info-1.jpeg,U10m0002.jpeg,2023/7/19  17:04:28,00/00/00 00:00:00,1,單一尺碼適合S至L的各種身形。，舒適貼合各式身形，黑色展現出典雅與力量的結合。
51,夏季 紡紗和服 四色 S~L單一尺碼【女用】,4,10,7800,U10s10003.jpeg,U10s20003.jpeg,U10s30003.jpeg,U10s40003.jpeg,shirt-info-1.jpeg,U10s10003.jpeg,2023/7/19  17:04:28,00/00/00 00:00:00,1,以紡紗材質製成，輕盈透氣，在炎熱的夏季也能保持涼爽，展現出優雅的姿態。提供四種色彩選擇，單一尺碼適合S至L的各種身形。
52,夏季 純絲和服 深青/黑色 S~L單一尺碼【男用】,4,10,7800,U10s10004.jpeg,U10s20004.jpeg,U10s30004.jpeg,U10s40004.jpeg,shirt-info-1.jpeg,U10m0004.jpeg,2023/7/19  17:04:28,00/00/00 00:00:00,1,以純絲編織製成，質感輕盈，在炎熱的夏季也能保持涼爽。提供深青/黑色彩選擇，單一尺碼適合S至L的各種身形。
53,五色 竹葉紋高級腰帶【女用】,4,11,1700,U11s10003.jpeg,U11s20003.jpeg,U11s30003.jpeg,U11s40003.jpeg,U11s50003.jpeg,U11m0003.jpeg,2023/7/19  17:04:28,00/00/00 00:00:00,1,帶有竹葉紋路編織而成的精緻腰帶，融合了日式的雅致之美，展現出細膩的手工藝與優雅的設計。
54,五色 龍紋高級腰帶 【男用】,4,11,1800,U11s10004.jpeg,U11s20004.jpeg,U11s30004.jpeg,U11s40004.jpeg,U11s50004.jpeg,U11m0004.jpeg,2023/7/19  17:04:28,00/00/00 00:00:00,1,專為弓道服設計的龍紋腰帶，其彈性材質確保舒適度，讓你在活動中自如行動。精心打造的龍紋圖案凸顯你的個性與活力
55,楊柳袴 【男女通用】,4,12,2900,U12s10001.jpeg,U12s20001.jpeg,pants-info-1.jpeg,pants-info-2.jpeg,pants-info-3.jpeg,U12m0001.jpeg,2023/7/19  17:04:28,00/00/00 00:00:00,1,使用優雅的柳葉紋進行編織，因此具有良好的通風性及排汗效果。100%聚脂纖維也方便您在家中進行清洗。
56,馬乘袴 深青色【女用】,4,12,2500,U12s10002.jpeg,U12s20002.jpeg,U12s30002.jpeg,U12s40002.jpeg,U12s50002.jpeg,U12m0002.jpeg,2023/7/19  17:04:28,00/00/00 00:00:00,1,混和紡絲獨有的光澤綻放出自然優雅的光澤，同時具好良好通風及排汗性，並且易於清潔保養。
57,馬乘袴 深青色【男用】,4,12,2500,U12s10003.jpeg,U12s20003.jpeg,U12s30003.jpeg,U12s40003.jpeg,U12s50003.jpeg,U12m0003.jpeg,2023/7/19  17:04:28,00/00/00 00:00:00,1,混和紡絲獨有的光澤綻放出自然優雅的光澤，同時具好良好通風及排汗性，並且易於清潔保養。
58,府綢袴 【女用】,4,12,3500,U12s10004.jpeg,U12s20004.jpeg,U12s30004.jpeg,U12s40004.jpeg,U12s50004.jpeg,U12s10004.jpeg,2023/7/19  17:04:28,00/00/00 00:00:00,1,面料採用十字紋編織，利用縱向和橫向不同的紗線交錯而成，兼具棉絲的膨鬆感和混和紗的干爽感的獨特質感。
59,府綢袴 【男用】,4,12,3500,U12s10005.jpeg,U12s20005.jpeg,U12s30005.jpeg,U12s40004.jpeg,U12s50005.jpeg,U12m0005.jpeg,2023/7/19  17:04:28,00/00/00 00:00:00,1,面料採用十字紋編織，利用縱向和橫向不同的紗線交錯而成，兼具棉絲的膨鬆感和混和紗的干爽感的獨特質感。
60,純白 亞麻分趾襪,4,13,990,U13s10001.jpeg,U13s20001.jpeg,U13s30001.jpeg,U13s40001.jpeg,socks-info-01.jpeg,U13m0001.jpeg,2023/7/19  17:04:28,00/00/00 00:00:00,1,由亞麻編織而成的純白分趾襪，清爽透氣，適合在炎炎夏日時穿著。
61,樂屋 特選純白分趾襪,4,13,300,U13s10002.jpeg,U13s20002.jpeg,U13s30002.jpeg,U13s40002.jpeg,socks-info-01.jpeg,U13m0002.jpeg,2023/7/19  17:04:28,00/00/00 00:00:00,1,使用聚脂纖維製成，擁有耐磨、耐用、防縮水、及表面防皺摺的優秀特點。
62,特選刷毛法蘭絨分趾襪,4,13,650,U13s10003.jpeg,U13s20003.jpeg,U13s30003.jpeg,U13s40003.jpeg,U13s50003.jpeg,U13m0003.jpeg,2023/7/19  17:04:28,00/00/00 00:00:00,1,內層法蘭絨刷毛設計讓您不會在冬季感到寒冷，並且提供良好的吸濕排汗性，讓您在活動時始終保持著溫暖和舒適性。
63,文樂 棉雪特選分趾襪,4,13,700,U13s10004.jpeg,U13s20004.jpeg,U13s30004.jpeg,U13s40004.jpeg,U13s50004.jpeg,U13m0004.jpeg,2023/7/19  17:04:28,00/00/00 00:00:00,1,文樂特選分趾襪！100%純棉製成，擁有出色的彈性及舒適性，即使反覆清洗也不會磨損、縮水，適合全年穿著。
64,筈 Jura矢用,5,14,12,O14S10001.JPG,O14S20001.JPG,O14S30001.JPG,O14S40001.JPG,O14S50001.JPG,O14M0001.JPG,2023/7/19  17:04:28,00/00/00 00:00:00,1,ジュラ矢 用的筈
65,筈 Jura矢用 2114･2117,5,14,24,O14S10002.JPG,O14S20002.PNG,O14S30002.JPG,O14S40002.JPG,O14S50002.JPG,O14M0002.JPG,2023/7/19  17:04:28,00/00/00 00:00:00,1,針對ジュラ矢 2114&2117 所設計之筈
66,筈 Jura矢用 水牛,5,14,60,O14S10003.JPG,O14S20003.JPG,O14S30003.JPG,O14S40003.JPG,O14S50003.JPG,O14M0003.JPG,2023/7/19  17:04:28,00/00/00 00:00:00,1,ジュラ矢 用的水牛筈 
67,矢尻 Jura矢用(近的),5,14,20,O14S10004.JPG,O14S20004.PNG,O14S30004.JPG,O14S40004.JPG,O14S50004.JPG,O14M0004.JPG,2023/7/19  17:04:28,00/00/00 00:00:00,1,ジュラ矢 用的箭頭 鐵製
68,矢尻 Jura矢用(近的) 2114･2117,5,14,20,O14S10005.JPG,O14S20005.JPG,O14S30005.JPG,O14S30005.JPG,O14S30005.JPG,O14M0005.JPG,2023/7/19  17:04:28,00/00/00 00:00:00,1,“2114”&“2117”箭桿的短箭頭，與相對堅固的弓一起使用
69,矢尻 Jura矢用(遠的),5,14,24,O14S10006.JPG,O14S20006.JPG,O14S30006.JPG,O14S30006.JPG,O14S30006.JPG,O14M0006.JPG,2023/7/19  17:04:28,00/00/00 00:00:00,1,“1913”、“2014”和“2015”箭桿的長距離箭頭
70,矢尻 Jura巻藁矢用,5,14,24,O14S10007.JPG,O14S20007.JPG,O14S30007.JPG,O14S30007.JPG,O14S30007.JPG,O14M0007.JPG,2023/7/19  17:04:28,00/00/00 00:00:00,1,“1913”、“2014”和“2015” 卷原軸箭頭
71,筈 Easton wood碳用,5,14,24,O14S10008.JPG,O14S20008.JPG,O14S30008.JPG,O14S30008.JPG,O14S30008.JPG,O14M0008.JPG,2023/7/19  17:04:28,00/00/00 00:00:00,1,碳箭 Easton Wood 碳'76-20'和'80-23'箭桿適用之
72,筈 Easton 3-18/560用,5,14,12,O14S10009.JPG,O14S20009.JPG,O14S30009.JPG,O14S30009.JPG,O14S30009.JPG,O14M0009.JPG,2023/7/19  17:04:28,00/00/00 00:00:00,1,碳箭 Easton '3-18/560' 適用
73,矢尻 Mizuno SST 碳軸用(近的),5,14,12,O14S10010.JPG,O14S20010.JPG,O14S20010.JPG,O14S20010.JPG,O14S20010.JPG,O14M0010.JPG,2023/7/19  17:04:28,00/00/00 00:00:00,1,碳箭頭 Mizuno SST 碳軸箭頭，適合近距離射擊
74,白 矢筒,5,15,950,O15S10001.JPG,O15S20001.JPG,O15S30001.JPG,O15S30001.JPG,O15S30001.JPG,O15M0001.JPG,2023/7/19  17:04:28,00/00/00 00:00:00,1,白色的箭筒 放箭矢用 最普遍使用的箭筒 無任何特效
75,水色 矢筒,5,15,950,O15S10002.JPG,O15S20002.JPG,O15S30002.JPG,O15S30002.JPG,O15S30002.JPG,O15M0002.JPG,2023/7/19  17:04:28,00/00/00 00:00:00,1,水色的矢筒 射箭時會有水龍圍繞在箭矢周圍
76,淡黃色 矢筒,5,15,950,O15S10003.JPG,O15S20003.JPG,O15S30003.JPG,O15S30003.JPG,O15S30003.JPG,O15M0003.JPG,2023/7/19  17:04:28,00/00/00 00:00:00,1,淡黃色的矢筒 台灣民眾表達不滿時 會射在鐵捲門上
77,櫻花色 矢筒,5,15,950,O15S10004.JPG,O15S20004.JPG,O15S30004.JPG,O15S30004.JPG,O15S30004.JPG,O15M0004.JPG,2023/7/19  17:04:28,00/00/00 00:00:00,1,櫻花色 矢筒 會使弓箭帶有櫻花特效
78,紫藤 矢筒,5,15,950,O15S10005.JPG,O15S20005.JPG,O15S30005.JPG,O15S30005.JPG,O15S30005.JPG,O15M0005.JPG,2023/7/19  17:04:28,00/00/00 00:00:00,1,紫藤色 矢筒 會讓擊中目標產生紫藤花 
79,若草 矢筒,5,15,950,O15S10006.JPG,O15S20006.JPG,O15S30006.JPG,O15S30006.JPG,O15S30006.JPG,O15M0006.JPG,2023/7/19  17:04:28,00/00/00 00:00:00,1,若草色 矢筒 自帶綠光的矢筒
80,青 矢筒,5,15,950,O15S10007.JPG,O15S20007.JPG,O15S30007.JPG,O15S30007.JPG,O15S30007.JPG,O15M0007.JPG,2023/7/19  17:04:28,00/00/00 00:00:00,1,青色 矢筒 能使箭矢具有衛星炮的威力
81,紫 矢筒,5,15,950,O15S10008.JPG,O15S20008.JPG,O15S30008.JPG,O15S30008.JPG,O15S30008.JPG,O15M0008.JPG,2023/7/19  17:04:28,00/00/00 00:00:00,1,紫色 矢筒 但我不愛紫色
82,赤 矢筒,5,15,950,O15S10009.JPG,O15S20009.JPG,O15S30009.JPG,O15S30009.JPG,O15S30009.JPG,O15M0009.JPG,2023/7/19  17:04:28,00/00/00 00:00:00,1,紅色 矢筒 交警或義交常用來指揮交通
83,黑 矢筒,5,15,950,O15S10010.JPG,O15S20010.JPG,O15S30010.JPG,O15S30010.JPG,O15S30010.JPG,O15M0010.JPG,2023/7/19  17:04:28,00/00/00 00:00:00,1,黑色矢筒 使用者將擁有邪眼 使用邪王炎殺黑龍波 一天一次
84,素色 弦卷,5,16,155,O16S10001.JPG,O16S20001.JPG,O16S30001.JPG,O16S30001.JPG,O16S30001.JPG,O16M0001.JPG,2023/7/19  17:04:28,00/00/00 00:00:00,1,多種顏色之素色弦卷
85,彩色 弦卷,5,16,290,O16S10002.JPG,O16S20002.JPG,O16S30002.JPG,O16S40002.JPG,O16S40002.JPG,O16M0002.JPG,2023/7/19  17:04:28,00/00/00 00:00:00,1,各式花樣之彩色弦卷
86,(限量) 彩色 弦卷,5,16,190,O16S10003.JPG,O16S20003.JPG,O16S30003.JPG,O16S30003.JPG,O16S30003.JPG,O16M0003.JPG,2023/7/19  17:04:28,00/00/00 00:00:00,1,限量版主題彩色弦卷
87,和紙 弦卷,5,16,190,O16S10004.JPG,O16S20004.JPG,O16S30004.JPG,O16S30004.JPG,O16S30004.JPG,O16M0004.JPG,2023/7/19  17:04:28,00/00/00 00:00:00,1,和紙做的弦卷
88,牛皮紙 弦卷,5,16,190,O16S10005.JPG,O16S20005.JPG,O16S30005.JPG,O16S30005.JPG,O16S30005.JPG,O16M0005.JPG,2023/7/19  17:04:28,00/00/00 00:00:00,1,女性向之弦卷
89,合成紙 弦卷,5,16,190,O16S10006.JPG,O16S20006.JPG,O16S30006.JPG,O16S30006.JPG,O16S30006.JPG,O16M0006.JPG,2023/7/19  17:04:28,00/00/00 00:00:00,1,男性向之弦卷
90,藤製 弦卷,5,16,900,O16S10007.JPG,O16S20007.JPG,deliverrule.JPG,O16S20007.JPG,O16S20007.JPG,O16M0007.JPG,2023/7/19  17:04:28,00/00/00 00:00:00,1,藤製弦卷
91,籐製 弦卷,5,16,950,O16S10008.JPG,O16S20008.JPG,O16S30008.JPG,O16S40008.JPG,O16S50008.JPG,O16M0008.JPG,2023/7/19  17:04:28,00/00/00 00:00:00,1,籐製弦卷 多色系
92,竹製弦卷,5,16,1200,O16S10009.JPG,O16S20009.JPG,O16S30009.JPG,O16S30009.JPG,O16S30009.JPG,O16M0009.JPG,2023/7/19  17:04:28,00/00/00 00:00:00,1,竹製弦卷
93,弦卷 吊革,5,16,172,O16S10010.JPG,O16S20010.JPG,O16S30010.JPG,O16S30010.JPG,O16S30010.JPG,O16M0010.JPG,2023/7/19  17:04:28,00/00/00 00:00:00,1,弦卷吊飾
94,橫山黎明 粉末容器,5,17,1600,O17S10001.JPG,example1.JPG,example2.JPG,size.JPG,O17S10001.JPG,O17S10001.JPG,2023/7/19  17:04:28,00/00/00 00:00:00,1,橫山黎明製作
95,橫山黎明 提詞 粉末容器,5,17,1800,O17S10002.JPG,example1.JPG,example2.JPG,size.JPG,O17S10002.JPG,O17S10002.JPG,2023/7/19  17:04:28,00/00/00 00:00:00,1,橫山黎明製作 且親自提詞
96,小倉紫峯 粉末容器,5,17,1700,O17S10003.JPG,example1.JPG,example2.JPG,size.JPG,O17S10003.JPG,O17S10003.JPG,2023/7/19  17:04:28,00/00/00 00:00:00,1,小倉紫峯製作
97,小倉紫峯 錐狀 粉末容器,5,17,1900,O17S10004.JPG,example1.JPG,example2.JPG,size.JPG,O17S10004.JPG,O17S10004.JPG,2023/7/19  17:04:28,00/00/00 00:00:00,1,小倉紫峯製作
98,橫山黎明 錐狀 粉末容器,5,17,1900,O17S10005.JPG,example1.JPG,example2.JPG,size.JPG,O17S10005.JPG,O17S10005.JPG,2023/7/19  17:04:28,00/00/00 00:00:00,1,橫山黎明製作
99,小蒼紫峯 竹編 粉末容器,5,17,1750,O17S10006.JPG,example1.JPG,example2.JPG,size.JPG,O17S10006.JPG,O17S10006.JPG,2023/7/19  17:04:28,00/00/00 00:00:00,1,小倉紫峯製作
100,塑膠 粉末容器,5,17,122,O17S10007.JPG,example1.JPG,example2.JPG,colors.JPG,O17S10007.JPG,O17S10007.JPG,2023/7/19  17:04:28,00/00/00 00:00:00,1,各色系之塑膠粉末容器
101,竹製  粉末容器,5,17,900,O17S10008.JPG,O17S20008.JPG,example2.JPG,O17S40008.JPG,O17S10008.JPG,O17S10008.JPG,2023/7/19  17:04:28,00/00/00 00:00:00,1,竹製筒形粉末容器 採用玉竹
102,竹製 薄型粉末容器,5,17,1400,O17S10009.JPG,O17S20009.JPG,O17S30009.JPG,O17S40009.JPG,O17S10009.JPG,O17S10009.JPG,2023/7/19  17:04:28,00/00/00 00:00:00,1,竹製筒形粉末容器 採用玉竹
103,角形 高級粉末容器,5,17,3100,O17S10010.JPG,O17S20010.JPG,O17S30010.JPG,O17S30010.JPG,O17S10010.JPG,O17M0010.JPG,2023/7/19  17:04:28,00/00/00 00:00:00,1,由鹿角及日本鬣羚角所製作
104,練心,1,2,7140,B02s10001.jpg,B02s20001.jpg,B02s30001.webp,B02s40001.jpg,B02s50001.webp,B02s10001.jpg,2023/7/19  17:04:28,00/00/00 00:00:00,1,這款玻璃弓非常適合從卷原到打靶練習的升級。 背部曲線介於直接和實用之間，推薦給那些已經開始穩定手部和拍攝風格的人。
105,直心I 玻璃纖維,1,2,9360,B02s10002.jpg,B02s10002.jpg,B02s30002.jpg,B02s40002.jpg,B02s50002.jpg,B02s10002.jpg,2023/7/19  17:04:28,00/00/00 00:00:00,1,本店人氣No.2！ 與實和和蓮心相比，握距更窄、箭飛行更穩定的弓。 它也是Jikishin系列中最便宜的弓。
106,直心II 玻璃纖維,1,2,10350,B02s10003.jpg,B02s20003.jpg,B02s30003.jpg,B02s40003.jpg,B02s50003.jpg,B02s10003.jpg,2023/7/19  17:04:28,00/00/00 00:00:00,1,本店人氣No.2！ 與實和和蓮心相比，握距更窄、箭飛行更穩定的弓。 它也是Jikishin系列中最便宜的弓。
107,直心II 碳纖維,1,2,12560,B02s10004.jpg,B02s20004.jpg,B02s30004.webp,B02s40004.jpg,B02s50004.jpg,B02s10004.jpg,2023/7/19  17:04:28,00/00/00 00:00:00,1,本店人氣No.1！ 在Jikishin系列中，該弓重量輕，握把窄，並且具有出色的箭飛行和箭穩定性。
108,直心III 玻璃纖維,1,2,11300,B02s10005.jpg,B02s20005.jpg,B02s30005.jpg,B02s40005.jpg,B02s50005.jpg,B02s10005.jpg,2023/7/19  17:04:28,00/00/00 00:00:00,1,顧名思義，Bamboo 是一種通過融入竹條實現竹弓拉動的舒適度和碳弓飛行的弓。
109,MIYATA A型,1,2,9820,B02s10006.jpg,B02s20006.jpg,B02s30006.jpg,B02s40006.jpg,B02s50006.jpg,B02s10006.jpg,2023/7/19  17:04:28,00/00/00 00:00:00,1,這是由宮田淳二先生開發的弓，宮田淳二先生也是碧流印西派的優秀射箭手，虛八段，曾以自己的日本弓玻璃弓挑戰世界射箭比賽而聞名。 它是玻碳弓的先驅。
110,MIYATA CG III型,1,2,14730,B02s10007.jpg,B02s0007.jpg,B02s30007.jpg,B02s40007.jpg,B02s50007.jpg,B02s10007.jpg,2023/7/19  17:04:28,00/00/00 00:00:00,1,這是由宮田淳二先生開發的弓，宮田淳二先生也是碧流印西派的優秀射箭手，虛八段，曾以自己的日本弓玻璃弓挑戰世界射箭比賽而聞名。 它是玻碳弓的先驅。
111,清雅 有竹節 碳纖維,1,2,12770,B02s10008.jpg,B02s20008.jpg,B02s30008.jpg,B02s40008.jpg,B02s50008.jpg,B02s10008.jpg,2023/7/19  17:04:28,00/00/00 00:00:00,1,以“Jikshin I Carbon”為基礎，“Seiga”用堅韌的環氧樹脂再現了竹弓的結。 據說該接頭具有抑制遠距離碳弓特有的振動的效果。
112,鵠心,1,2,18660,B02s10009.jpg,B02s20009.jpg,B02s30009.jpg,B02s30009.jpg,B02s40009.jpg,B02s10009.jpg,2023/7/19  17:04:28,00/00/00 00:00:00,1,這是一個應該被稱為時神系列最高峰的銘文。它區別於其他新材料弓的一個特點是其獨特的拱形橫截面。 結果，表面不是平坦的，而是呈半圓柱形。 這種結構成為一個強大的彈簧，可以產生清晰的箭飛行，據說即使弓的功率減少10%，它也能與傳統產品一樣發揮作用。 它也相對纖薄輕便。
113,楓,1,2,5970,B02s10010.jpg,B02s20010.jpg,B02s30010.jpg,B02s40010.jpg,B02s50010.jpg,B02s10010.jpg,2023/7/19  17:04:28,00/00/00 00:00:00,1,深棕色， 這是初學者的完美套裝。 它具有作為日本弓必要且充分的基礎，通過將其限制在正常尺寸，我們簡化了生產並降低了價格。
114,橘,1,2,7370,B02s10011.jpg,B02s20011.jpg,B02s30011.jpg,B02s40011.jpg,B02s50011.jpg,B02s10011.jpg,2023/7/19  17:04:28,00/00/00 00:00:00,1,雙面：黑色，雙面：黃色， 高檔楓木製品（可伸縮）。 與Kaede類似，這種弓的振動更小，對於弓箭手來說更穩定。
115,翔,1,2,9560,B02s10012.jpg,B02s20012.jpg,B02s30012.jpg,B02s40012.jpg,B02s50012.jpg,B02s10012.jpg,2023/7/19  17:04:28,00/00/00 00:00:00,1, 兩面：黑色，兩面：深紅色 *全黑也可以，堅固而靈活的弓。 這是一把可以放心使用的弓，具有高彈性、後坐力阻尼和可靠的箭飛行性能。
116,葵,1,2,11300,B02s10013.jpg,B02s20013.jpg,B02s30013.jpg,B02s40013.jpg,B02s50013.jpg,B02s10013.jpg,2023/7/19  17:04:28,00/00/00 00:00:00,1,金屬酒紅色， 來自同一製造商的最高品質玻璃弓。 通過反复拋光和塗漆，最終呈現出根據光線條件而變化的深紅色（俗稱“葵色”）。 它彈性高、穩定，並以易用性著稱，深受各年齡段人群的歡迎。
117,粋 超級碳纖維,1,2,12720,B02s10014.jpg,B02s20014.jpg,B02s30014.jpg,B02s40014.jpg,B02s50014.jpg,B02s10014.jpg,2023/7/19  17:04:28,00/00/00 00:00:00,1,（黑色）鋼琴黑/（紅色）金屬酒紅色，上下銀色亮片，銀色字母（銘文），定位為同一廠家碳弓的入門產品。 在保持低價的同時，也使用了一些與高端產品相同的材料。
118,凛,1,2,17190,B02s10015.jpg,B02s20015.jpg,B02s30015.jpg,B02s40015.jpg,B02s50015.jpg,B02s10015.jpg,2023/7/19  17:04:28,00/00/00 00:00:00,1,深金屬綠帶幼竹色/（紅色）金屬酒紅上下全息亮片，以“追求輕盈、證明輕盈、感受輕盈”為目標製造，深受女性、高層人士、手小人士的喜愛。 此銘文采用了新開發和精心挑選的特殊材料。 它不僅重量輕，而且還具有吸收後坐力的設計，同時展現出弓的高彈性。 在同一製造商的銘文中，據說這是一把製作時間較長，並且經過精心製作的“靈巧弓”。
119,猪飼秀重,1,1,25780,B01s10016.jpg,B01s20016.jpg,B01s30016.jpg,B01s40016.jpg,B01s50016.jpg,B01s10016.jpg,2023/7/19  17:04:28,00/00/00 00:00:00,1,即使對於剛接觸竹弓的人來說，這是一種相對容易操作的弓。內置碳纖，三芯。
120,吟翠,1,1,35600,B01s10017.jpg,B01s20017.jpg,B01s30017.jpg,B01s40017.jpg,B01s50017.jpg,B01s10017.jpg,2023/7/19  17:04:28,00/00/00 00:00:00,1,"這是宮崎縣都城市的弓箭大師長野一細製作的弓。
都城歷史上一直是弓箭製作的繁榮地區，目前生產日本約 90% 的竹弓。
由於碳片是內置的，因此它相對容易處理，因為它在竹弓的同時不易改變其形狀。
竹子和側樹均採用特別優質的材料。 關板的形狀獨特，一目了然，據說有助於發出良好的弦樂聲音。"
121,小倉紫峯,1,1,25290,B01s10018.jpg,B01s20018.jpg,B01s30018.jpg,B01s40018.jpg,B01s50018.jpg,B01s10018.jpg,2023/7/19  17:04:28,00/00/00 00:00:00,1,"這是宮崎縣都城市的製弓師、擁有國家“傳統工匠”資格的小倉志穗製作的弓。
都城歷史上一直是弓箭製作的繁榮地區，目前生產日本約 90% 的竹弓。
許多從玻璃/碳弓改為竹弓的人都會選擇這個名字。 它的體質堅韌，質地柔軟，深受女性喜愛。 弦音也不錯，可以說是能讓你感受到竹弓之美的銘文。"
122,楠見蔵吉,1,1,24550,B01s10019.jpg,B01s20019.jpg,B01s30019.jpg,B01s40019.jpg,B01s50019.jpg,B01s10019.jpg,2023/7/19  17:04:28,00/00/00 00:00:00,1,"這是宮崎縣都城市的製弓師、擁有國家“傳統工匠”資格的倉吉久住製作的弓。
都城歷史上一直是弓箭製作的繁榮地區，目前生產日本約 90% 的竹弓。
儘管手感紮實，但手寬卻出奇的薄。 穩定感和良好的箭飛行能力非常出色。 分為含碳和不含碳兩種。"
123,永野一萃,1,1,27010,B01s10020.jpg,B01s20020.jpg,B01s30020.jpg,B01s40020.jpg,B01s50020.jpg,B01s10020.jpg,2023/7/19  17:04:28,00/00/00 00:00:00,1,"這是宮崎縣都城市的弓箭大師長野一細製作的弓。
都城歷史上一直是弓箭製作的繁榮地區，目前生產日本約 90% 的竹弓。
由於碳片是內置的，因此它相對容易處理，因為它在竹弓的同時不易改變其形狀。
內岳和外岳均經過嚴格挑選，品質優良。 燈芯是由肥後製成的五片燈芯，經過高溫精心燒製而成。 側樹由直材料製成，沒有節"
124,南崎寿宝,1,1,24550,B01s10021.jpg,B01s20021.jpg,B01s30021.jpg,B01s40021.jpg,B01s50021.jpg,B01s10021.jpg,2023/7/19  17:04:28,00/00/00 00:00:00,1,"這是宮崎縣都城市的弓匠、擁有國家“傳統工匠”資格的南崎十步製作的弓。
都城歷史上一直是弓箭製作的繁榮地區，目前生產日本約 90% 的竹弓。
這款細蝴蝶結推薦給手小的人，特別受女性歡迎。 口感柔和、穩定。"
125,横山黎明,1,1,29470,B01s10022.jpg,B01s20022.jpg,B01s30022.jpg,B01s40022.jpg,B01s50022.jpg,B01s10022.jpg,2023/7/19  17:04:28,00/00/00 00:00:00,1,這是宮崎縣都城市的製弓師、擁有國家“傳統工匠”資格的橫山麗明製作的弓。